{
  "controller/BaseController.js": 1720072246303,
  "manifest.json": 1720074411773,
  "controller/home.controller.js": 1720072179500,
  "i18n/i18n.properties": 1720073832247,
  "controller/App.controller.js": 1720071986597,
  "model/models.js": 1720071986597,
  "Component.js": 1720071986593,
  "Component-dbg.js": 1720071986593,
  "Component.js.map": 1720074411974,
  "controller/BaseController-dbg.js": 1720072246303,
  "controller/BaseController.js.map": 1720074411976,
  "controller/App-dbg.controller.js": 1720071986597,
  "controller/App.controller.js.map": 1720074411971,
  "model/models-dbg.js": 1720071986597,
  "model/models.js.map": 1720074411970,
  "controller/home-dbg.controller.js": 1720072179500,
  "controller/home.controller.js.map": 1720074411991,
  "Component-preload.js": 1720074412294,
  "Component-preload.js.map": 1720074412294,
  "view/home.view.xml": 1720072097932,
  "view/App.view.xml": 1720071986601,
  "fragments/Department.fragment.xml": 1720072495125,
  "fragments/CreateEmployeeDialog.fragment.xml": 1720072404310,
  "css/style.css": 1720071986597,
  "index.html": 1720071986593
}